{
  "id": "phase-one",
  "version": "1.0.0",
  "description": "Initial project setup with core accessibility features",
  "author": "AccessWeb Team",
  "tags": ["accessibility", "wcag", "core-features"],
  "completedAt": "2024-03-19T23:00:00Z",
  "components": [
    "AccessibilityToolbar",
    "AIRecommendations",
    "ArticleCard",
    "ArticleLayout",
    "BackToTop",
    "EmbedBadge",
    "Footer",
    "IssuesList",
    "Modal",
    "Navigation",
    "PasswordStrengthMeter",
    "PaymentForm",
    "PricingPlans",
    "RegionSelector",
    "ResultsSummary",
    "ScrollToTop",
    "SocialLoginButton",
    "ThemeToggle",
    "URLInput",
    "WCAGColorPalette"
  ],
  "features": [
    "WCAG 2.1 Compliance Testing",
    "AI-Powered Recommendations",
    "Accessibility Reporting",
    "Color Contrast Analysis",
    "Real-time Monitoring",
    "PDF Export",
    "Payment Processing",
    "User Authentication",
    "Admin Dashboard",
    "Blog System"
  ],
  "standards": [
    "WCAG 2.1",
    "ADA",
    "Section 508",
    "EN 301 549",
    "EAA"
  ]
}